{
	"ImportPath": "github.com/cloudfoundry/cli",
	"GoVersion": "go1.5.2",
	"Packages": [
		"./..."
	],
	"Deps": [
		{
			"ImportPath": "github.com/blang/semver",
			"Comment": "v3.0.1",
			"Rev": "31b736133b98f26d5e078ec9eb591666edfd091f"
		},
		{
			"ImportPath": "github.com/cloudfoundry-incubator/cli-plugin-repo/models",
			"Rev": "6663a3e55747f83c5b5e855d75c845632cc3d59f"
		},
		{
			"ImportPath": "github.com/cloudfoundry-incubator/diego-ssh/cf-plugin/terminal",
			"Comment": "plugin-0.2.1-1-gfc5f549",
			"Rev": "fc5f5493005fa72ff7cc67596263d079a978994b"
		},
		{
			"ImportPath": "github.com/cloudfoundry-incubator/diego-ssh/server",
			"Comment": "plugin-0.2.1-1-gfc5f549",
			"Rev": "fc5f5493005fa72ff7cc67596263d079a978994b"
		},
		{
			"ImportPath": "github.com/cloudfoundry-incubator/diego-ssh/test_helpers",
			"Comment": "plugin-0.2.1-1-gfc5f549",
			"Rev": "fc5f5493005fa72ff7cc67596263d079a978994b"
		},
		{
			"ImportPath": "github.com/cloudfoundry/gofileutils/fileutils",
			"Rev": "b9aba8bc5b91f0764131fcac8ea0ff2dd202c8c4"
		},
		{
			"ImportPath": "github.com/cloudfoundry/loggregator_consumer",
			"Rev": "89d7fe237afae1e8222554359ec03b72c8466d10"
		},
		{
			"ImportPath": "github.com/cloudfoundry/loggregatorlib/logmessage",
			"Rev": "28ce6c1f1aa0352189bed34cdc9aa4ea8fcb9089"
		},
		{
			"ImportPath": "github.com/cloudfoundry/loggregatorlib/signature",
			"Rev": "28ce6c1f1aa0352189bed34cdc9aa4ea8fcb9089"
		},
		{
			"ImportPath": "github.com/cloudfoundry/noaa/errors",
			"Rev": "3c78d4555842c8a7396fa4fc3ef18376c08a3e31"
		},
		{
			"ImportPath": "github.com/docker/docker/pkg/term",
			"Comment": "v1.4.1-6704-g6d9a84b",
			"Rev": "6d9a84bcd04cd178033309859eb7bf386a8db85d"
		},
		{
			"ImportPath": "github.com/gogo/protobuf/proto",
			"Rev": "b9e369e8ffb6773efc654ea13594566404314ee1"
		},
		{
			"ImportPath": "github.com/golang/protobuf/proto",
			"Rev": "0c959e80d8acfedb1ecd50c9f14a58cee287dc95"
		},
		{
			"ImportPath": "github.com/gorilla/websocket",
			"Rev": "f761cdb666383d5db7a8bea9ff8c9db35332b4a0"
		},
		{
			"ImportPath": "github.com/kr/pty",
			"Comment": "release.r56-28-g5cf931e",
			"Rev": "5cf931ef8f76dccd0910001d74a58a7fca84a83d"
		},
		{
			"ImportPath": "github.com/nicksnyder/go-i18n/i18n",
			"Comment": "v1.3.0-5-g37e5c2d",
			"Rev": "37e5c2de3e03e4b82693e3fcb4a6aa2cc4eb07e3"
		},
		{
			"ImportPath": "github.com/nu7hatch/gouuid",
			"Rev": "179d4d0c4d8d407a32af483c2354df1d2c91e6c3"
		},
		{
			"ImportPath": "github.com/onsi/ginkgo",
			"Comment": "v1.2.0-11-gd94e2f4",
			"Rev": "d94e2f4000332f62b356ecb2840c98f4218f5358"
		},
		{
			"ImportPath": "github.com/onsi/gomega",
			"Comment": "v1.0-65-g0652f5f",
			"Rev": "0652f5f3ba4e1226d4e7811215d3c2f80d37f919"
		},
		{
			"ImportPath": "github.com/pivotal-golang/lager",
			"Rev": "24bc7249ba26ad2f1493363b9dcedf86023f47d7"
		},
		{
			"ImportPath": "github.com/simonleung8/flags",
			"Rev": "4304da028804a934cf49cd9a574692d80abd13c7"
		},
		{
			"ImportPath": "golang.org/x/crypto/ssh",
			"Rev": "c10c31b5e94b6f7a0283272dc2bb27163dcea24b"
		},
		{
			"ImportPath": "golang.org/x/net/websocket",
			"Rev": "db8e4de5b2d6653f66aea53094624468caad15d2"
		},
		{
			"ImportPath": "gopkg.in/yaml.v2",
			"Rev": "49c95bdc21843256fb6c4e0d370a05f24a0bf213"
		}
	]
}
