{
  "entities" : {
    "url"  : "/url/URLGetRankedNamedEntities",
    "text" : "/text/TextGetRankedNamedEntities",
    "html" : "/html/HTMLGetRankedNamedEntities"
  },

  "keywords": {
    "url"  : "/url/URLGetRankedKeywords",
    "text" : "/text/TextGetRankedKeywords",
    "html" : "/html/HTMLGetRankedKeywords"
  },

  "concepts": {
    "url"  : "/url/URLGetRankedConcepts",
    "text" : "/text/TextGetRankedConcepts",
    "html" : "/html/HTMLGetRankedConcepts"
  },

  "sentiment": {
    "url"  : "/url/URLGetTextSentiment",
    "text" : "/text/TextGetTextSentiment",
    "html" : "/html/HTMLGetTextSentiment"
  },

  "sentiment_targeted": {
    "url"  : "/url/URLGetTargetedSentiment",
    "text" : "/text/TextGetTargetedSentiment",
    "html" : "/html/HTMLGetTargetedSentiment"
  },

  "relations": {
    "url"  : "/url/URLGetRelations",
    "text" : "/text/TextGetRelations",
    "html" : "/html/HTMLGetRelations"
  },

  "language": {
    "url"  : "/url/URLGetLanguage",
    "text" : "/text/TextGetLanguage",
    "html" : "/html/HTMLGetLanguage"
  },

  "text": {
    "url"  : "/url/URLGetText",
    "html" : "/html/HTMLGetText"
  },

  "category": {
    "url"  : "/url/URLGetCategory",
    "text" : "/text/TextGetCategory"
  },

  "publication_date": {
    "url"  : "/url/URLGetPubDate",
    "html" : "/html/HTMLGetPubDate"
  },

  "text_raw": {
    "url"  : "/url/URLGetRawText",
    "html" : "/html/HTMLGetRawText"
  },

  "authors": {
    "url"  : "/url/URLGetAuthors",
    "html" : "/html/HTMLGetAuthors"
  },

  "feeds": {
    "url"  : "/url/URLGetFeedLinks",
    "html" : "/html/HTMLGetFeedLinks"
  },

  "microformats": {
    "url"  : "/url/URLGetMicroformatData",
    "html" : "/html/HTMLGetMicroformatData"
  },

  "taxonomy": {
    "url"  : "/url/URLGetRankedTaxonomy",
    "text" : "/text/TextGetRankedTaxonomy",
    "html" : "/html/HTMLGetRankedTaxonomy"
  },

  "combined": {
    "url"  : "/url/URLGetCombinedData",
    "text" : "/text/TextGetCombinedData",
    "html" : "/html/HTMLGetCombinedData"
  },

  "image_link": {
    "url"  : "/url/URLGetImage",
    "html" : "/html/HTMLGetImage"
  },

  "image_keywords": {
    "url"  : "/url/URLGetRankedImageKeywords",
    "image" : "/image/ImageGetRankedImageKeywords"
  },

  "image_recognition": {
    "url"  : "/url/URLGetRankedImageFaceTags",
    "image" : "/image/ImageGetRankedImageFaceTags"
  }
}
